ID,birthrate,alpha,beta,aggression,mu,pushpower,N
1,1.000000,0.000000,0.000000,1.000000,20.000000,4294967295,10669
2,2.000000,0.000000,0.000000,1.000000,20.000000,4294967295,10521
