ID,birthrate,alpha,beta,aggression,mu,pushpower,N
1,1.000000,0.000000,0.000000,1.000000,10.000000,4294967295,58826
2,1.000000,0.000000,0.000000,1.000000,10.000000,4294967295,56775
