ID,birthrate,alpha,beta,aggression,mu,pushpower,N
1,1.000000,0.000000,0.000000,1.000000,10.000000,80,12938
2,3.000000,0.000000,0.000000,1.000000,10.000000,80,11723
