ID,birthrate,alpha,beta,aggression,mu,pushpower,N
1,1.000000,0.000000,0.000000,1.000000,10.000000,10,3663
2,4.000000,0.000000,0.000000,1.000000,10.000000,10,13332
