ID,birthrate,alpha,beta,aggression,mu,pushpower,N
1,1.000000,0.000000,0.000000,1.000000,10.000000,40,10995
2,3.000000,0.000000,0.000000,1.000000,10.000000,40,13039
