ID,birthrate,alpha,beta,aggression,mu,pushpower,N
1,1.000000,0.000000,0.000000,1.000000,20.000000,4294967295,11077
2,4.000000,0.000000,0.000000,1.000000,20.000000,4294967295,8311
