ID,birthrate,alpha,beta,aggression,mu,pushpower,N
1,1.000000,0.000000,0.000000,1.000000,30.000000,4294967295,9834
2,5.000000,0.000000,0.000000,1.000000,30.000000,4294967295,13074
