ID,birthrate,alpha,beta,aggression,mu,pushpower,N
1,1.000000,0.000000,0.000000,1.000000,10.000000,4294967295,16423
2,2.000000,0.000000,0.000000,1.000000,10.000000,4294967295,8244
