ID,birthrate,aggression,mu,pushpower,N
1,1.000000,1.000000,10.000000,4294967295,90094
2,1.000000,1.000000,10.000000,4294967295,26957
