ID,birthrate,aggression,mu,pushpower,N
1,1.000000,1.000000,10.000000,10,10
2,3.000000,1.000000,10.000000,10,47434
