ID,birthrate,aggression,mu,pushpower,N
1,1.000000,1.000000,10.000000,4294967295,10676
2,4.000000,1.000000,10.000000,4294967295,27207
