ID,birthrate,aggression,mu,pushpower,N
1,1.000000,1.000000,10.000000,10,54360
2,1.000000,1.000000,10.000000,10,210
