ID,birthrate,aggression,mu,pushpower,N
1,1.000000,1.000000,10.000000,100,38973
2,4.000000,1.000000,10.000000,400,54024
